ID1,HHID,HVIDX,QHCLUSTER,QHNUMBER,QHHOME,PS100_1A,PS100_1M,PS100_1S,PS3
2021,      000612901,4,6,129,1,5,0,2,1
2021,      000902701,2,9,27,1,1,0,2,1
2021,      000911601,1,9,116,1,2,0,1,1
2021,      000911601,2,9,116,1,1,0,2,2
2021,      001003101,1,10,31,1,3,0,2,1
2021,      001209901,1,12,99,1,4,0,2,1
2021,      001704201,3,17,42,1,8,2,2,1
2021,      001912401,3,19,124,1,3,0,2,1
2021,      002109801,1,21,98,1,2,6,2,1
2021,      002202501,7,22,25,1,3,1,2,1
2021,      002403201,1,24,32,1,5,0,2,1
2021,      003001301,1,30,13,1,3,6,2,1
2021,      003105501,1,31,55,1,3,6,2,1
2021,      003207901,1,32,79,1,8,0,2,1
2021,      003405401,1,34,54,1,1,0,2,1
2021,      003517001,1,35,170,1,1,0,2,1
2021,      003600701,1,36,7,1,2,0,2,1
2021,      003703501,1,37,35,1,5,0,2,1
2021,      003703901,1,37,39,1,3,2,2,1
2021,      003808701,1,38,87,1,2,0,2,1
2021,      003808901,1,38,89,1,2,0,2,1
2021,      004201201,5,42,12,1,1,1,2,1
2021,      004400301,1,44,3,1,7,1,2,1
2021,      004403801,5,44,38,1,0,2,2,1
2021,      004505301,5,45,53,1,0,6,2,1
2021,      004506601,5,45,66,1,3,0,2,1
2021,      004705401,1,47,54,1,1,1,2,1
2021,      004802501,2,48,25,1,5,0,2,1
2021,      004805001,2,48,50,1,5,0,2,1
2021,      004901001,1,49,10,1,3,0,2,1
2021,      004905201,11,49,52,1,7,2,2,1
2021,      004906001,1,49,60,1,5,3,2,1
2021,      005101401,1,51,14,1,98,98,2,1
2021,      005200901,1,52,9,1,7,3,1,1
2021,      005200901,2,52,9,1,8,3,2,2
2021,      005402301,5,54,23,1,4,0,2,1
2021,      005404701,1,54,47,1,3,2,2,1
2021,      005500601,1,55,6,1,1,1,2,1
2021,      005500901,1,55,9,1,1,4,2,1
2021,      005502601,1,55,26,1,98,98,2,1
2021,      005602101,1,56,21,1,3,6,2,1
2021,      005604501,5,56,45,1,2,0,2,1
2021,      005900801,1,59,8,1,4,0,1,1
2021,      005900801,2,59,8,1,4,0,2,2
2021,      005901301,2,59,13,1,2,1,2,1
2021,      005906601,1,59,66,1,2,0,2,1
2021,      006010601,1,60,106,1,4,0,2,1
2021,      007611501,1,76,115,1,3,0,2,1
2021,      008002301,1,80,23,1,8,0,2,1
2021,      008104301,1,81,43,1,4,0,1,1
2021,      008104301,2,81,43,1,4,0,2,2
2021,      008105201,1,81,52,1,2,0,1,1
2021,      008105201,2,81,52,1,0,6,2,2
2021,      009704301,6,97,43,1,7,0,1,1
2021,      009704301,7,97,43,1,6,0,2,2
2021,      009906601,1,99,66,1,3,0,2,1
2021,      010006301,1,100,63,1,7,0,2,1
2021,      010101201,5,101,12,1,4,0,2,1
2021,      010106601,1,101,66,1,3,0,2,1
2021,      010107001,1,101,70,1,6,0,2,1
2021,      010207801,2,102,78,1,5,0,2,1
2021,      010210901,1,102,109,1,8,0,1,1
2021,      010210901,2,102,109,1,7,0,2,2
2021,      010307301,1,103,73,1,4,0,2,1
2021,      010307401,7,103,74,1,5,0,2,1
2021,      010311001,2,103,110,1,3,0,2,1
2021,      010311101,1,103,111,1,2,0,2,1
2021,      010500901,1,105,9,1,1,3,2,1
2021,      010505001,4,105,50,1,1,3,2,1
2021,      010600201,1,106,2,1,3,0,2,1
2021,      010803401,1,108,34,1,8,11,2,1
2021,      010808601,6,108,86,1,2,0,2,1
2021,      011000501,1,110,5,1,6,0,2,1
2021,      011000901,1,110,9,1,8,0,1,1
2021,      011000901,2,110,9,1,8,0,2,2
2021,      011202801,5,112,28,1,2,0,2,1
2021,      011203001,6,112,30,1,1,0,1,1
2021,      011203001,7,112,30,1,1,0,2,2
2021,      011405901,1,114,59,1,4,0,2,1
2021,      011507001,1,115,70,1,1,0,2,1
2021,      012409601,7,124,96,1,5,0,2,1
2021,      012709401,1,127,94,1,2,0,2,1
2021,      013304101,6,133,41,1,5,2,2,1
2021,      013309401,1,133,94,1,4,2,2,1
2021,      013811701,1,138,117,1,3,0,1,1
2021,      013811701,2,138,117,1,3,0,2,2
2021,      013811801,1,138,118,1,5,1,2,1
2021,      013900501,1,139,5,1,2,1,2,1
2021,      013901301,1,139,13,1,6,3,1,1
2021,      013901301,2,139,13,1,6,3,2,2
2021,      014001501,1,140,15,1,2,5,2,1
2021,      014004001,2,140,40,1,1,0,2,1
2021,      014004101,1,140,41,1,0,2,1,1
2021,      014004101,2,140,41,1,2,0,2,2
2021,      014005301,6,140,53,1,2,0,2,1
2021,      014105401,1,141,54,1,4,2,1,1
2021,      014105401,2,141,54,1,4,2,2,2
2021,      014112201,1,141,122,1,1,0,1,1
2021,      014112201,2,141,122,1,1,0,2,2
2021,      014112301,6,141,123,1,4,2,2,1
2021,      014302801,4,143,28,1,3,3,2,1
2021,      014306601,5,143,66,1,6,0,2,1
2021,      014402201,1,144,22,1,3,0,2,1
2021,      014403801,1,144,38,1,6,0,2,1
2021,      014432501,1,144,325,1,1,1,2,1
2021,      015402501,1,154,25,1,5,2,2,1
2021,      015500701,2,155,7,1,4,98,2,1
2021,      015600601,1,156,6,1,3,0,2,1
2021,      015602101,1,156,21,1,4,0,2,1
2021,      015602401,1,156,24,1,5,0,2,1
2021,      015602501,5,156,25,1,1,0,2,1
2021,      015603501,2,156,35,1,0,6,2,1
2021,      015603801,1,156,38,1,4,0,2,1
2021,      015702901,2,157,29,1,0,11,2,1
2021,      015712701,5,157,127,1,1,0,2,1
2021,      015902201,1,159,22,1,6,0,2,1
2021,      016001701,1,160,17,1,4,3,2,1
2021,      016003101,1,160,31,1,5,3,1,1
2021,      016003101,2,160,31,1,3,3,2,2
2021,      016200801,4,162,8,1,6,0,2,1
2021,      016200901,1,162,9,1,3,1,2,1
2021,      016204301,1,162,43,1,5,2,2,1
2021,      016508901,1,165,89,1,4,0,2,1
2021,      016603701,8,166,37,1,0,98,2,1
2021,      016608801,1,166,88,1,2,4,2,1
2021,      016706101,1,167,61,1,2,0,2,1
2021,      016709801,1,167,98,1,1,3,2,1
2021,      019202301,1,192,23,1,1,6,2,1
2021,      019402601,2,194,26,1,0,6,2,1
2021,      019712201,5,197,122,1,1,0,2,1
2021,      021406501,1,214,65,1,98,98,1,1
2021,      021406501,2,214,65,1,98,98,2,2
2021,      022501401,7,225,14,1,2,0,2,1
2021,      022600901,1,226,9,1,3,2,1,1
2021,      022600901,2,226,9,1,8,2,2,2
2021,      022700801,1,227,8,1,7,2,2,1
2021,      022701801,1,227,18,1,1,4,2,1
2021,      023610601,6,236,106,1,2,0,2,1
2021,      024608101,6,246,81,1,4,0,2,1
2021,      025007801,5,250,78,1,0,7,2,1
2021,      025801301,1,258,13,1,5,0,2,1
2021,      025807301,1,258,73,1,3,0,2,1
2021,      025900801,1,259,8,1,6,0,2,1
2021,      026204201,1,262,42,1,3,1,2,1
2021,      026604601,1,266,46,1,2,0,2,1
2021,      026606101,1,266,61,1,5,0,2,1
2021,      026803001,1,268,30,1,1,2,2,1
2021,      026906701,2,269,67,1,2,0,1,1
2021,      026906701,3,269,67,1,1,0,2,2
2021,      026907301,4,269,73,1,4,0,2,1
2021,      027002801,1,270,28,1,6,0,1,1
2021,      027002801,2,270,28,1,4,0,2,2
2021,      027101301,1,271,13,1,3,0,2,1
2021,      027103401,4,271,34,1,5,1,2,1
2021,      027200101,1,272,1,1,6,0,2,1
2021,      027200501,1,272,5,1,2,0,1,1
2021,      027200501,2,272,5,1,2,0,2,2
2021,      027208601,5,272,86,1,4,0,2,1
2021,      027400801,1,274,8,1,8,0,2,1
2021,      027400901,1,274,9,1,5,1,2,1
2021,      027403001,1,274,30,1,8,1,2,1
2021,      027500501,1,275,5,1,98,98,2,1
2021,      027501101,1,275,11,1,1,0,2,1
2021,      027505201,1,275,52,1,4,9,2,1
2021,      027607401,1,276,74,1,5,3,2,1
2021,      027908501,6,279,85,1,5,0,2,1
2021,      028001001,1,280,10,1,7,3,2,1
2021,      028001801,1,280,18,1,0,10,2,1
2021,      028100601,3,281,6,1,8,2,2,1
2021,      028103901,5,281,39,1,3,2,2,1
2021,      028202501,5,282,25,1,6,2,2,1
2021,      028202901,1,282,29,1,3,3,1,1
2021,      028202901,2,282,29,1,3,3,2,2
2021,      028205101,1,282,51,1,5,2,1,1
2021,      028205101,2,282,51,1,5,2,2,2
2021,      028205301,1,282,53,1,6,2,1,1
2021,      028205301,2,282,53,1,8,2,2,2
2021,      028205501,1,282,55,1,3,8,1,1
2021,      028205501,2,282,55,1,5,0,2,2
2021,      028305501,1,283,55,1,2,4,1,1
2021,      028305501,2,283,55,1,2,4,2,2
2021,      028409801,1,284,98,1,1,0,2,1
2021,      028507001,1,285,70,1,2,0,2,1
2021,      028703101,4,287,31,1,4,0,2,1
2021,      028705401,1,287,54,1,2,0,2,1
2021,      028800601,1,288,6,1,5,0,2,1
2021,      028800801,1,288,8,1,6,0,2,1
2021,      028801001,2,288,10,1,5,0,2,1
2021,      028803801,1,288,38,1,4,0,2,1
2021,      028805101,1,288,51,1,4,0,2,1
2021,      028901001,1,289,10,1,2,0,2,1
2021,      029000701,1,290,7,1,8,0,2,1
2021,      029100501,1,291,5,1,2,0,1,1
2021,      029100501,2,291,5,1,3,0,2,2
2021,      029104001,1,291,40,1,3,0,2,1
2021,      029201101,5,292,11,1,98,98,2,1
2021,      029202701,1,292,27,1,5,0,1,1
2021,      029202701,2,292,27,1,5,0,2,2
2021,      029203601,1,292,36,1,5,0,2,1
2021,      029206501,1,292,65,1,5,0,2,1
2021,      029206601,1,292,66,1,8,0,2,1
2021,      029300101,7,293,1,1,2,0,2,1
2021,      029300801,7,293,8,1,2,4,2,1
2021,      029402701,1,294,27,1,4,0,2,1
2021,      029501001,1,295,10,1,98,98,2,1
2021,      029502101,1,295,21,1,98,98,2,1
2021,      029703601,8,297,36,1,5,0,2,1
2021,      030700701,5,307,7,1,98,98,2,1
2021,      031204401,1,312,44,1,3,4,2,1
2021,      031401601,9,314,16,1,0,6,2,1
2021,      031501101,1,315,11,1,3,98,1,1
2021,      031501101,2,315,11,1,3,98,2,2
2021,      032106801,1,321,68,1,3,2,2,1
2021,      032107001,1,321,70,1,3,98,2,1
2021,      032202601,1,322,26,1,1,2,1,1
2021,      032202601,2,322,26,1,0,5,2,2
2021,      032204601,1,322,46,1,2,6,2,1
2021,      032204801,4,322,48,1,1,0,2,1
2021,      032305801,4,323,58,1,5,0,2,1
2021,      032401401,4,324,14,1,2,0,2,1
2021,      032413801,1,324,138,1,4,6,2,1
2021,      032509301,2,325,93,1,5,98,2,1
2021,      032509601,1,325,96,1,1,0,1,1
2021,      032509601,2,325,96,1,2,98,2,2
2021,      032600101,1,326,1,1,3,5,1,1
2021,      032600101,2,326,1,1,3,5,2,2
2021,      032600401,1,326,4,1,2,7,2,1
2021,      032607801,1,326,78,1,2,0,2,1
2021,      032607901,4,326,79,1,1,5,2,1
2021,      032703101,1,327,31,1,8,98,2,1
2021,      032703201,2,327,32,1,3,6,2,1
2021,      032703901,1,327,39,1,4,98,1,1
2021,      032703901,2,327,39,1,4,98,2,2
2021,      032801601,1,328,16,1,5,4,2,1
2021,      032802101,1,328,21,1,3,6,2,1
2021,      032802601,2,328,26,1,8,2,2,1
2021,      032810101,1,328,101,1,2,3,1,1
2021,      032810101,2,328,101,1,5,5,2,2
2021,      032810401,2,328,104,1,0,4,2,1
2021,      032904201,1,329,42,1,3,98,2,1
2021,      032904301,1,329,43,1,4,8,2,1
2021,      032910901,1,329,109,1,2,0,2,1
2021,      033201701,1,332,17,1,6,2,2,1
2021,      033306401,1,333,64,1,5,7,2,1
2021,      033400401,5,334,4,1,4,98,2,1
2021,      033400501,1,334,5,1,6,98,2,1
2021,      033401001,1,334,10,1,1,8,2,1
2021,      033413201,1,334,132,1,2,98,2,1
2021,      033503601,1,335,36,1,3,98,2,1
2021,      033503701,2,335,37,1,2,98,2,1
2021,      033510601,1,335,106,1,6,98,1,1
2021,      033510601,2,335,106,1,6,98,2,2
2021,      033511001,1,335,110,1,0,7,2,1
2021,      033608901,5,336,89,1,1,98,2,1
2021,      033707001,4,337,70,1,7,0,2,1
2021,      033709201,1,337,92,1,2,0,1,1
2021,      033709201,2,337,92,1,2,6,2,2
2021,      033800901,1,338,9,1,8,11,1,1
2021,      033800901,2,338,9,1,6,3,2,2
2021,      033801001,2,338,10,1,1,10,2,1
2021,      033805001,2,338,50,1,3,6,2,1
2021,      033805101,1,338,51,1,0,1,1,1
2021,      033805101,2,338,51,1,4,0,2,2
2021,      033904201,4,339,42,1,0,2,2,1
2021,      033904501,1,339,45,1,1,2,2,1
2021,      034009201,1,340,92,1,7,98,2,1
2021,      034009501,1,340,95,1,1,9,2,1
2021,      034401401,1,344,14,1,4,4,2,1
2021,      034407801,6,344,78,1,4,4,2,1
2021,      034512401,4,345,124,1,1,98,2,1
2021,      034611901,6,346,119,1,3,98,2,1
2021,      034612301,1,346,123,1,4,5,1,1
2021,      034612301,2,346,123,1,4,5,2,2
2021,      034800401,1,348,4,1,6,98,2,1
2021,      034900301,1,349,3,1,0,7,1,1
2021,      034900301,2,349,3,1,0,4,2,2
2021,      034900601,1,349,6,1,3,3,2,1
2021,      035003501,1,350,35,1,4,0,2,1
2021,      035007901,1,350,79,1,5,0,2,1
2021,      035914501,12,359,145,1,0,2,2,1
2021,      036110901,1,361,109,1,0,2,2,1
2021,      037611801,1,376,118,1,4,5,1,1
2021,      037611801,2,376,118,1,4,5,2,2
2021,      038401701,1,384,17,1,3,0,2,1
2021,      040706801,4,407,68,1,5,3,2,1
2021,      042802401,3,428,24,1,3,10,2,1
2021,      043000801,1,430,8,1,1,2,2,1
2021,      043410201,1,434,102,1,4,4,2,1
2021,      043601001,1,436,10,1,0,8,2,1
2021,      044001401,1,440,14,1,0,4,2,1
2021,      044006901,6,440,69,1,3,0,2,1
2021,      044701001,1,447,10,1,4,2,2,1
2021,      044705201,2,447,52,1,5,4,2,1
2021,      044905201,1,449,52,1,8,1,1,1
2021,      044905201,2,449,52,1,2,0,2,2
2021,      045003501,1,450,35,1,5,2,1,1
2021,      045003501,2,450,35,1,4,2,2,2
2021,      045106201,3,451,62,1,2,4,2,1
2021,      045109701,2,451,97,1,4,3,2,1
2021,      045301701,6,453,17,1,5,0,1,1
2021,      045301701,7,453,17,1,3,0,2,2
2021,      045401701,2,454,17,1,1,4,2,1
2021,      045700301,5,457,3,1,5,1,2,1
2021,      045908201,1,459,82,1,8,11,2,1
2021,      046003101,2,460,31,1,4,4,2,1
2021,      046004501,1,460,45,1,7,2,2,1
2021,      046103201,1,461,32,1,3,1,2,1
2021,      046201001,1,462,10,1,8,0,2,1
2021,      046203501,1,462,35,1,6,0,2,1
2021,      046301701,1,463,17,1,3,7,2,1
2021,      046301901,1,463,19,1,2,2,2,1
2021,      046302601,1,463,26,1,8,0,2,1
2021,      046406201,2,464,62,1,0,4,2,1
2021,      046406401,1,464,64,1,0,4,2,1
2021,      046701301,1,467,13,1,8,5,2,1
2021,      047107501,1,471,75,1,2,0,2,1
2021,      047901801,1,479,18,1,7,0,2,1
2021,      048108501,1,481,85,1,8,0,2,1
2021,      048109401,1,481,94,1,98,98,2,1
2021,      048215501,1,482,155,1,2,0,2,1
2021,      048400101,1,484,1,1,3,0,2,1
2021,      048401501,1,484,15,1,4,4,2,1
2021,      048403101,2,484,31,1,1,4,2,1
2021,      048502501,3,485,25,1,8,4,2,1
2021,      048503301,1,485,33,1,4,0,1,1
2021,      048503301,2,485,33,1,4,0,2,2
2021,      048601601,1,486,16,1,0,2,2,1
2021,      048803301,1,488,33,1,2,2,2,1
2021,      048806801,1,488,68,1,3,0,1,1
2021,      048806801,2,488,68,1,1,6,2,2
2021,      049200801,1,492,8,1,2,98,2,1
2021,      049200901,1,492,9,1,5,3,2,1
2021,      049305201,1,493,52,1,8,2,2,1
2021,      049600801,1,496,8,1,8,0,2,1
2021,      049607801,1,496,78,1,1,0,2,1
2021,      049700701,1,497,7,1,98,4,2,1
2021,      049704801,1,497,48,1,8,4,2,1
2021,      049802601,1,498,26,1,4,0,2,1
2021,      049901001,1,499,10,1,98,98,2,1
2021,      050000901,1,500,9,1,5,3,1,1
2021,      050000901,2,500,9,1,5,3,2,2
2021,      050004101,1,500,41,1,4,4,2,1
2021,      050100601,4,501,6,1,3,0,2,1
2021,      050100801,1,501,8,1,4,0,2,1
2021,      050109401,1,501,94,1,2,6,2,1
2021,      050500801,3,505,8,1,5,0,2,1
2021,      050604601,1,506,46,1,2,2,2,1
2021,      050604801,1,506,48,1,1,0,2,1
2021,      050606701,1,506,67,1,0,8,1,1
2021,      050606701,2,506,67,1,3,5,2,2
2021,      051101001,1,511,10,1,3,0,2,1
2021,      051102001,1,511,20,1,5,0,2,1
2021,      051202801,2,512,28,1,3,0,2,1
2021,      051403001,1,514,30,1,0,10,2,1
2021,      051510401,1,515,104,1,1,2,2,1
2021,      051801601,1,518,16,1,2,0,2,1
2021,      052000501,5,520,5,1,3,0,2,1
2021,      052006401,1,520,64,1,2,2,2,1
2021,      052300401,6,523,4,1,4,0,1,1
2021,      052300401,7,523,4,1,5,0,2,2
2021,      053607801,1,536,78,1,3,0,2,1
2021,      054101301,1,541,13,1,4,0,2,1
2021,      054410901,1,544,109,1,5,0,2,1
2021,      054507501,1,545,75,1,8,0,2,1
2021,      054701901,1,547,19,1,4,0,1,1
2021,      054701901,2,547,19,1,98,98,2,2
2021,      054706301,8,547,63,1,4,0,2,1
2021,      054710401,2,547,104,1,2,0,2,1
2021,      054710501,1,547,105,1,1,4,2,1
2021,      054805901,1,548,59,1,5,0,2,1
2021,      055015801,1,550,158,1,3,1,2,1
2021,      055104201,1,551,42,1,1,0,2,1
2021,      055104501,2,551,45,1,5,1,1,1
2021,      055104501,3,551,45,1,5,1,2,2
2021,      055106901,2,551,69,1,2,0,2,1
2021,      055201101,1,552,11,1,2,0,2,1
2021,      055307101,6,553,71,1,2,4,2,1
2021,      055501001,4,555,10,1,4,7,2,1
2021,      055508801,2,555,88,1,2,4,2,1
2021,      055805801,1,558,58,1,1,5,2,1
2021,      055806601,2,558,66,1,5,0,2,1
2021,      055900901,1,559,9,1,3,0,1,1
2021,      055900901,2,559,9,1,3,0,2,2
2021,      055904101,1,559,41,1,5,0,1,1
2021,      055904101,2,559,41,1,5,0,2,2
2021,      055904801,3,559,48,1,5,0,2,1
2021,      056002901,1,560,29,1,1,0,2,1
2021,      056005701,1,560,57,1,8,0,1,1
2021,      056005701,2,560,57,1,7,0,2,2
2021,      056202801,1,562,28,1,1,0,2,1
2021,      056203001,1,562,30,1,3,0,2,1
2021,      056300301,1,563,3,1,0,3,2,1
2021,      056300901,1,563,9,1,5,0,2,1
2021,      056307701,1,563,77,1,1,0,2,1
2021,      056500101,2,565,1,1,3,4,2,1
2021,      056507701,1,565,77,1,0,4,2,1
2021,      056702201,1,567,22,1,2,0,1,1
2021,      056702201,2,567,22,1,2,0,2,2
2021,      056702301,6,567,23,1,0,5,2,1
2021,      056705601,1,567,56,1,6,0,2,1
2021,      056802901,1,568,29,1,3,0,1,1
2021,      056802901,2,568,29,1,2,0,2,2
2021,      056811201,1,568,112,1,4,0,2,1
2021,      056811501,1,568,115,1,6,0,2,1
2021,      057203801,7,572,38,1,4,2,2,1
2021,      057203901,2,572,39,1,2,0,2,1
2021,      057805201,1,578,52,1,0,5,2,1
2021,      059106101,3,591,61,1,0,2,2,1
2021,      062206901,1,622,69,1,2,4,2,1
2021,      063702101,2,637,21,1,2,3,2,1
2021,      066303301,1,663,33,1,4,5,1,1
2021,      066303301,2,663,33,1,3,5,2,2
2021,      066505101,2,665,51,1,3,2,2,1
2021,      067203801,1,672,38,1,5,4,2,1
2021,      068502101,1,685,21,1,2,0,2,1
2021,      068802601,1,688,26,1,5,4,1,1
2021,      068802601,2,688,26,1,5,4,2,2
2021,      068805401,1,688,54,1,6,4,2,1
2021,      069201301,1,692,13,1,8,5,2,1
2021,      069209101,2,692,91,1,0,2,2,1
2021,      069401501,1,694,15,1,8,4,1,1
2021,      069401501,2,694,15,1,8,4,2,2
2021,      069411001,1,694,110,1,3,4,2,1
2021,      069800401,2,698,4,1,3,10,2,1
2021,      072111601,6,721,116,1,4,0,2,1
2021,      073204801,3,732,48,1,2,0,2,1
2021,      073607501,1,736,75,1,4,0,2,1
2021,      074101801,1,741,18,1,0,1,2,1
2021,      075310501,1,753,105,1,6,2,2,1
2021,      075504901,1,755,49,1,3,0,2,1
2021,      075601701,1,756,17,1,4,0,2,1
2021,      075602101,1,756,21,1,5,0,2,1
2021,      075602401,1,756,24,1,0,6,2,1
2021,      075702001,5,757,20,1,4,0,2,1
2021,      075703001,4,757,30,1,5,0,2,1
2021,      075704101,4,757,41,1,2,10,2,1
2021,      075708101,1,757,81,1,3,0,2,1
2021,      075807101,1,758,71,1,3,0,2,1
2021,      075901101,1,759,11,1,7,0,2,1
2021,      075901201,1,759,12,1,8,0,2,1
2021,      075902401,1,759,24,1,98,98,2,1
2021,      075907801,1,759,78,1,2,0,2,1
2021,      077010501,4,770,105,1,2,10,2,1
2021,      077601301,1,776,13,1,3,0,2,1
2021,      079300501,2,793,5,1,0,6,2,1
2021,      080012601,2,800,126,1,2,0,2,1
2021,      080514501,7,805,145,1,2,4,2,1
2021,      080603201,1,806,32,1,2,0,2,1
2021,      080814101,1,808,141,1,3,0,2,1
2021,      081410101,1,814,101,1,4,5,2,1
2021,      081614701,2,816,147,1,4,0,2,1
2021,      081614901,1,816,149,1,2,0,2,1
2021,      082203701,3,822,37,1,4,4,2,1
2021,      088407701,1,884,77,1,2,5,2,1
2021,      098309901,6,983,99,1,3,2,2,1
2021,      101501901,1,1015,19,1,4,0,2,1
2021,      101502901,2,1015,29,1,3,0,2,1
2021,      101503401,4,1015,34,1,8,1,2,1
2021,      102700601,1,1027,6,1,0,8,1,1
2021,      102700601,2,1027,6,1,0,8,2,2
2021,      102903101,1,1029,31,1,2,0,2,1
2021,      103200701,1,1032,7,1,6,0,2,1
2021,      103202301,6,1032,23,1,4,0,2,1
2021,      103502901,1,1035,29,1,5,5,2,1
2021,      103504601,1,1035,46,1,1,6,2,1
2021,      103604301,2,1036,43,1,1,3,2,1
2021,      103604501,1,1036,45,1,1,0,2,1
2021,      103604701,3,1036,47,1,0,6,2,1
2021,      103605001,1,1036,50,1,6,4,2,1
2021,      103801101,1,1038,11,1,7,5,2,1
2021,      104003101,3,1040,31,1,0,3,2,1
2021,      104108301,1,1041,83,1,3,0,2,1
2021,      104400601,1,1044,6,1,2,5,2,1
2021,      104410001,1,1044,100,1,2,4,1,1
2021,      104410001,2,1044,100,1,2,4,2,2
2021,      104600301,2,1046,3,1,5,0,2,1
2021,      104608301,1,1046,83,1,3,1,1,1
2021,      104608301,2,1046,83,1,2,1,2,2
2021,      105512501,2,1055,125,1,7,0,2,1
2021,      105604401,6,1056,44,1,7,0,2,1
2021,      105902101,1,1059,21,1,2,2,2,1
2021,      106207001,1,1062,70,1,3,2,2,1
2021,      106207301,1,1062,73,1,6,0,2,1
2021,      107002001,8,1070,20,1,1,0,1,1
2021,      107002001,9,1070,20,1,1,0,2,2
2021,      107403501,1,1074,35,1,8,0,1,1
2021,      107403501,2,1074,35,1,5,0,2,2
2021,      107404101,1,1074,41,1,3,2,1,1
2021,      107404101,2,1074,41,1,3,2,2,2
2021,      107508401,1,1075,84,1,5,0,2,1
2021,      107614101,6,1076,141,1,6,2,2,1
2021,      107706201,1,1077,62,1,3,1,2,1
2021,      107916701,1,1079,167,1,5,1,2,1
2021,      108400301,1,1084,3,1,8,0,2,1
2021,      108415401,1,1084,154,1,4,1,2,1
2021,      108513801,7,1085,138,1,1,0,2,1
2021,      108702601,2,1087,26,1,2,3,2,1
2021,      108800801,1,1088,8,1,2,6,2,1
2021,      108800901,1,1088,9,1,2,0,2,1
2021,      109202601,8,1092,26,1,2,1,2,1
2021,      109205101,1,1092,51,1,5,1,1,1
2021,      109205101,2,1092,51,1,3,1,2,2
2021,      109606301,1,1096,63,1,1,0,2,1
2021,      109800101,6,1098,1,1,7,0,2,1
2021,      113701701,7,1137,17,1,2,3,2,1
2021,      113800401,1,1138,4,1,1,1,2,1
2021,      113907901,8,1139,79,1,3,0,2,1
2021,      114004101,1,1140,41,1,2,6,2,1
2021,      114006801,1,1140,68,1,3,3,2,1
2021,      114301501,2,1143,15,1,3,5,2,1
2021,      114610801,2,1146,108,1,0,5,2,1
2021,      114801301,1,1148,13,1,3,98,2,1
2021,      114905701,1,1149,57,1,2,98,2,1
2021,      115306201,3,1153,62,1,3,0,2,1
2021,      115307301,2,1153,73,1,4,0,2,1
2021,      115403801,1,1154,38,1,5,0,2,1
2021,      115502101,1,1155,21,1,0,3,1,1
2021,      115502101,2,1155,21,1,1,6,2,2
2021,      115803001,1,1158,30,1,1,0,2,1
2021,      115805401,2,1158,54,1,0,7,2,1
2021,      116003901,1,1160,39,1,1,6,2,1
2021,      116610601,1,1166,106,1,4,0,2,1
2021,      117901401,3,1179,14,1,2,0,2,1
2021,      118301501,1,1183,15,1,3,0,2,1
2021,      120604101,1,1206,41,1,1,6,2,1
2021,      121003301,2,1210,33,1,2,0,2,1
2021,      121004401,1,1210,44,1,2,0,2,1
2021,      121102001,1,1211,20,1,0,4,1,1
2021,      121102001,2,1211,20,1,0,6,2,2
2021,      121103001,1,1211,30,1,0,4,1,1
2021,      121103001,2,1211,30,1,0,4,2,2
2021,      121103601,1,1211,36,1,3,0,1,1
2021,      121103601,2,1211,36,1,1,0,2,2
2021,      121103801,3,1211,38,1,8,0,2,1
2021,      121205401,1,1212,54,1,2,0,1,1
2021,      121205401,2,1212,54,1,3,0,2,2
2021,      121209201,1,1212,92,1,4,0,2,1
2021,      121209301,1,1212,93,1,3,0,2,1
2021,      121300501,3,1213,5,1,7,0,2,1
2021,      121300701,5,1213,7,1,3,2,2,1
2021,      121301101,3,1213,11,1,5,2,2,1
2021,      121704901,1,1217,49,1,3,0,1,1
2021,      121704901,2,1217,49,1,3,0,2,2
2021,      121802601,1,1218,26,1,3,6,2,1
2021,      121900301,1,1219,3,1,3,2,2,1
2021,      121900401,2,1219,4,1,3,2,2,1
2021,      121903001,1,1219,30,1,4,3,2,1
2021,      121906901,1,1219,69,1,4,2,1,1
2021,      121906901,2,1219,69,1,4,2,2,2
2021,      122703901,3,1227,39,1,0,5,2,1
2021,      124001201,1,1240,12,1,2,0,2,1
2021,      124001501,2,1240,15,1,1,6,1,1
2021,      124001501,3,1240,15,1,3,4,2,2
2021,      124115001,1,1241,150,1,3,0,2,1
2021,      125506901,1,1255,69,1,3,0,2,1
2021,      126703401,1,1267,34,1,2,3,2,1
2021,      126801801,2,1268,18,1,4,2,2,1
2021,      127106301,1,1271,63,1,3,3,2,1
2021,      127300201,1,1273,2,1,2,0,2,1
2021,      127307301,1,1273,73,1,1,0,1,1
2021,      127307301,2,1273,73,1,1,0,2,2
2021,      129208801,1,1292,88,1,0,7,2,1
2021,      129700701,1,1297,7,1,3,0,2,1
2021,      130103401,2,1301,34,1,8,0,2,1
2021,      130810101,5,1308,101,1,5,2,2,1
2021,      131206601,4,1312,66,1,6,0,2,1
2021,      131305201,1,1313,52,1,3,1,2,1
2021,      131305601,1,1313,56,1,4,0,2,1
2021,      131612201,1,1316,122,1,1,2,2,1
2021,      131702701,1,1317,27,1,98,1,2,1
2021,      131806601,1,1318,66,1,2,0,2,1
2021,      131901201,1,1319,12,1,3,6,2,1
2021,      131903801,1,1319,38,1,8,0,2,1
2021,      131911801,1,1319,118,1,3,3,2,1
2021,      132004601,1,1320,46,1,5,0,1,1
2021,      132004601,2,1320,46,1,5,0,2,2
2021,      132005801,2,1320,58,1,7,0,2,1
2021,      132504401,1,1325,44,1,4,98,2,1
2021,      132610001,1,1326,100,1,6,0,1,1
2021,      132610001,2,1326,100,1,6,0,2,2
2021,      132706101,2,1327,61,1,2,3,2,1
2021,      132717401,2,1327,174,1,1,3,2,1
2021,      132905701,1,1329,57,1,2,0,2,1
2021,      132906701,1,1329,67,1,1,0,2,1
2021,      133102201,1,1331,22,1,3,0,2,1
2021,      133102501,1,1331,25,1,2,0,2,1
2021,      133104801,1,1331,48,1,3,0,2,1
2021,      133205901,1,1332,59,1,0,6,2,1
2021,      133405801,1,1334,58,1,8,0,2,1
2021,      133406101,1,1334,61,1,3,0,2,1
2021,      134210201,1,1342,102,1,2,5,2,1
2021,      134310101,1,1343,101,1,2,0,2,1
2021,      134601001,1,1346,10,1,3,0,1,1
2021,      134601001,2,1346,10,1,2,0,2,2
2021,      134704701,1,1347,47,1,1,98,2,1
2021,      135403301,6,1354,33,1,1,0,2,1
2021,      135605201,4,1356,52,1,1,0,2,1
2021,      136205201,1,1362,52,1,8,98,2,1
2021,      136314201,1,1363,142,1,4,1,2,1
2021,      136601401,1,1366,14,1,7,1,2,1
2021,      136601901,1,1366,19,1,6,1,2,1
2021,      136602001,1,1366,20,1,4,0,1,1
2021,      136602001,2,1366,20,1,2,0,2,2
2021,      136707401,1,1367,74,1,4,0,2,1
2021,      136714401,1,1367,144,1,0,4,2,1
2021,      136714601,4,1367,146,1,2,0,2,1
2021,      136714701,1,1367,147,1,8,0,2,1
2021,      136903401,1,1369,34,1,1,3,1,1
2021,      136903401,2,1369,34,1,2,0,2,2
2021,      136905101,1,1369,51,1,8,0,2,1
2021,      137002601,1,1370,26,1,8,10,2,1
2021,      137303201,1,1373,32,1,1,5,1,1
2021,      137303201,2,1373,32,1,6,5,2,2
2021,      137304801,1,1373,48,1,5,5,2,1
2021,      137404601,1,1374,46,1,2,1,2,1
2021,      137603301,4,1376,33,1,1,0,2,1
2021,      137700101,1,1377,1,1,1,2,2,1
2021,      137701801,1,1377,18,1,3,98,2,1
2021,      137805401,3,1378,54,1,3,0,2,1
2021,      137806801,1,1378,68,1,0,4,2,1
2021,      137809501,1,1378,95,1,6,0,1,1
2021,      137809501,2,1378,95,1,6,0,2,2
2021,      137809901,1,1378,99,1,6,0,1,1
2021,      137809901,2,1378,99,1,6,0,2,2
2021,      137902301,1,1379,23,1,2,6,2,1
2021,      138000201,1,1380,2,1,0,10,1,1
2021,      138000201,2,1380,2,1,2,1,2,2
2021,      138000501,1,1380,5,1,1,10,1,1
2021,      138000501,2,1380,5,1,1,10,2,2
2021,      138000901,1,1380,9,1,7,4,2,1
2021,      138005401,1,1380,54,1,1,4,2,1
2021,      138404101,1,1384,41,1,0,10,2,1
2021,      139512801,2,1395,128,1,3,3,2,1
2021,      139906601,5,1399,66,1,1,0,2,1
2021,      140006901,1,1400,69,1,1,0,2,1
2021,      140100701,1,1401,7,1,5,1,2,1
2021,      140602201,1,1406,22,1,4,1,2,1
2021,      140704601,3,1407,46,1,5,0,2,1
2021,      140706101,4,1407,61,1,1,3,2,1
2021,      140802501,1,1408,25,1,2,0,1,1
2021,      140802501,2,1408,25,1,2,0,2,2
2021,      140806801,1,1408,68,1,3,98,1,1
2021,      140806801,2,1408,68,1,3,98,2,2
2021,      141102801,2,1411,28,1,1,5,2,1
2021,      141409701,1,1414,97,1,5,0,2,1
2021,      141410101,1,1414,101,1,2,0,2,1
2021,      141713201,1,1417,132,1,7,3,2,1
2021,      141904801,1,1419,48,1,5,0,2,1
2021,      142002201,1,1420,22,1,0,6,2,1
2021,      142305201,11,1423,52,1,5,5,2,1
2021,      142800701,1,1428,7,1,1,2,2,1
2021,      143210801,4,1432,108,1,2,6,2,1
2021,      143300701,9,1433,7,1,0,3,1,1
2021,      143300701,10,1433,7,1,2,0,2,2
2021,      143302201,1,1433,22,1,1,0,2,1
2021,      143302401,1,1433,24,1,6,0,1,1
2021,      143302401,2,1433,24,1,6,0,2,2
2021,      143807101,4,1438,71,1,4,3,2,1
2021,      143807501,1,1438,75,1,1,3,2,1
2021,      143820901,1,1438,209,1,2,5,1,1
2021,      143820901,2,1438,209,1,0,2,2,2
2021,      143900201,3,1439,2,1,4,4,2,1
2021,      144004701,6,1440,47,1,2,98,2,1
2021,      148101301,4,1481,13,1,1,2,2,1
2021,      149506001,1,1495,60,1,3,4,1,1
2021,      149506001,2,1495,60,1,3,4,2,2
2021,      149800301,1,1498,3,1,2,4,1,1
2021,      149800301,2,1498,3,1,1,4,2,2
2021,      149800801,1,1498,8,1,2,3,1,1
2021,      149800801,2,1498,8,1,2,3,2,2
2021,      149801701,1,1498,17,1,1,4,2,1
2021,      149803301,1,1498,33,1,1,4,1,1
2021,      149803301,2,1498,33,1,2,4,2,2
2021,      149804501,1,1498,45,1,6,4,2,1
2021,      149804601,1,1498,46,1,3,4,1,1
2021,      149804601,2,1498,46,1,4,4,2,2
2021,      149900801,1,1499,8,1,5,4,2,1
2021,      149901201,1,1499,12,1,6,4,1,1
2021,      149901201,2,1499,12,1,6,4,2,2
2021,      149901401,1,1499,14,1,1,4,2,1
2021,      150900701,1,1509,7,1,1,4,2,1
2021,      151113501,1,1511,135,1,0,4,1,1
2021,      151113501,2,1511,135,1,1,4,2,2
2021,      151607201,1,1516,72,1,3,1,1,1
2021,      151607201,2,1516,72,1,5,1,2,2
2021,      151806401,1,1518,64,1,4,2,2,1
2021,      153303301,1,1533,33,1,4,0,2,1
2021,      154002701,1,1540,27,1,0,3,2,1
2021,      154116501,1,1541,165,1,4,3,2,1
2021,      154603401,2,1546,34,1,3,2,2,1
2021,      155911901,1,1559,119,1,2,0,2,1
2021,      156404401,1,1564,44,1,6,0,1,1
2021,      156404401,2,1564,44,1,7,0,2,2
2021,      156501301,1,1565,13,1,3,1,1,1
2021,      156501301,2,1565,13,1,1,1,2,2
2021,      156615501,1,1566,155,1,0,2,2,1
2021,      156706801,3,1567,68,1,2,2,2,1
2021,      157214801,1,1572,148,1,4,2,2,1
2021,      157503301,1,1575,33,1,7,3,1,1
2021,      157503301,2,1575,33,1,3,4,2,2
2021,      158207101,1,1582,71,1,7,1,2,1
2021,      158901201,3,1589,12,1,1,2,1,1
2021,      158901201,4,1589,12,1,3,5,2,2
2021,      158905901,1,1589,59,1,1,0,2,1
2021,      159004901,4,1590,49,1,2,3,2,1
2021,      159311801,1,1593,118,1,1,2,2,1
2021,      159410801,9,1594,108,1,8,2,2,1
2021,      159412101,3,1594,121,1,4,2,2,1
2021,      159510201,1,1595,102,1,3,5,1,1
2021,      159510201,2,1595,102,1,3,8,2,2
2021,      159604301,7,1596,43,1,2,1,2,1
2021,      159911501,9,1599,115,1,1,4,2,1
2021,      160101101,9,1601,11,1,2,7,1,1
2021,      160101101,10,1601,11,1,2,7,2,2
2021,      160104901,1,1601,49,1,4,10,2,1
2021,      160501301,1,1605,13,1,6,9,2,1
2021,      160504101,1,1605,41,1,3,8,2,1
2021,      161401401,1,1614,14,1,0,2,1,1
2021,      161401401,2,1614,14,1,0,2,2,2
2021,      161405301,11,1614,53,1,5,5,2,1
2021,      161600401,1,1616,4,1,2,0,2,1
2021,      161912001,1,1619,120,1,0,8,1,1
2021,      161912001,2,1619,120,1,0,8,2,2
2021,      162111501,1,1621,115,1,4,5,2,1
2021,      163215501,1,1632,155,1,3,0,2,1
2021,      163310401,1,1633,104,1,4,0,2,1
2021,      163602701,1,1636,27,1,8,0,2,1
2021,      163902801,1,1639,28,1,3,0,2,1
2021,      164309801,1,1643,98,1,4,0,2,1
2021,      164909901,1,1649,99,1,1,0,2,1
2021,      165110101,3,1651,101,1,6,0,2,1
2021,      165302501,1,1653,25,1,6,0,2,1
2021,      165308401,1,1653,84,1,8,0,2,1
2021,      165705101,1,1657,51,1,5,8,2,1
2021,      166101001,1,1661,10,1,2,10,1,1
2021,      166101001,2,1661,10,1,2,10,2,2
2021,      166201101,1,1662,11,1,98,98,2,1
2021,      166309701,1,1663,97,1,1,9,2,1
2021,      166407601,3,1664,76,1,2,0,2,1
2021,      166612201,1,1666,122,1,0,10,2,1
2021,      166700401,1,1667,4,1,4,0,2,1
2021,      166701501,1,1667,15,1,8,0,2,1
2021,      166807001,1,1668,70,1,2,2,2,1
2021,      166902501,3,1669,25,1,7,11,2,1
2021,      166902701,1,1669,27,1,3,11,2,1
2021,      167105801,1,1671,58,1,3,8,2,1
2021,      167220501,1,1672,205,1,8,0,2,1
2021,      167405101,2,1674,51,1,3,11,2,1
2021,      167405201,5,1674,52,1,1,10,2,1
2021,      167500201,2,1675,2,1,3,0,2,1
2021,      167505001,1,1675,50,1,4,0,1,1
2021,      167505001,4,1675,50,1,4,0,2,2
2021,      167601301,1,1676,13,1,98,98,2,1
2021,      167705401,1,1677,54,1,2,9,2,1
2021,      167801101,7,1678,11,1,7,0,2,1
2021,      167811901,1,1678,119,1,4,10,1,1
2021,      167811901,2,1678,119,1,4,10,2,2
2021,      167812301,1,1678,123,1,2,0,2,1
2021,      168100201,1,1681,2,1,0,4,1,1
2021,      168100201,2,1681,2,1,0,4,2,2
2021,      168100401,6,1681,4,1,3,0,2,1
2021,      168108001,1,1681,80,1,2,0,2,1
2021,      168206101,1,1682,61,1,2,2,2,1
2021,      168412601,1,1684,126,1,1,10,1,1
2021,      168412601,2,1684,126,1,1,10,2,2
2021,      168603101,1,1686,31,1,1,2,2,1
2021,      168901501,9,1689,15,1,3,0,2,1
2021,      169205701,1,1692,57,1,6,6,1,1
2021,      169205701,2,1692,57,1,7,0,2,2
2021,      171708601,7,1717,86,1,1,4,2,1
2021,      172109801,5,1721,98,1,1,6,2,1
2021,      172300601,1,1723,6,1,3,0,1,1
2021,      172300601,2,1723,6,1,3,0,2,2
2021,      172300801,2,1723,8,1,0,1,2,1
2021,      172300901,1,1723,9,1,2,0,2,1
2021,      172407601,3,1724,76,1,6,0,2,1
2021,      172807301,1,1728,73,1,1,98,1,1
2021,      172807301,2,1728,73,1,98,98,2,2
2021,      173002201,1,1730,22,1,4,0,2,1
2021,      173002301,1,1730,23,1,6,0,2,1
2021,      173005001,1,1730,50,1,2,0,2,1
2021,      173210401,2,1732,104,1,1,0,2,1
2021,      173301501,1,1733,15,1,4,0,2,1
2021,      173304001,1,1733,40,1,2,6,2,1
2021,      173608501,2,1736,85,1,0,1,2,1
2021,      173806801,2,1738,68,1,4,5,2,1
2021,      173807601,2,1738,76,1,6,7,2,1
2021,      173807701,1,1738,77,1,5,0,1,1
2021,      173807701,2,1738,77,1,5,0,2,2
2021,      173900401,1,1739,4,1,3,0,1,1
2021,      173900401,2,1739,4,1,3,0,2,2
2021,      173901501,1,1739,15,1,98,0,2,1
2021,      173910601,3,1739,106,1,0,9,2,1
2021,      173910801,3,1739,108,1,2,0,2,1
2021,      174008501,2,1740,85,1,4,0,2,1
2021,      174306901,6,1743,69,1,1,7,2,1
2021,      174811001,1,1748,110,1,3,0,2,1
2021,      175004401,1,1750,44,1,5,0,1,1
2021,      175004401,2,1750,44,1,5,0,2,2
2021,      175400701,1,1754,7,1,4,0,1,1
2021,      175400701,2,1754,7,1,3,0,2,2
2021,      175404801,7,1754,48,1,0,2,2,1
2021,      176003101,5,1760,31,1,6,8,2,1
2021,      176304801,1,1763,48,1,8,0,1,1
2021,      176304801,2,1763,48,1,5,0,2,2
2021,      176305701,4,1763,57,1,98,98,2,1
2021,      176307201,7,1763,72,1,5,0,2,1
2021,      176405001,5,1764,50,1,7,0,1,1
2021,      176405001,6,1764,50,1,6,0,2,2
2021,      176406902,1,1764,69,2,5,98,1,1
2021,      176406902,2,1764,69,2,4,98,2,2
2021,      176607601,7,1766,76,1,3,9,2,1
2021,      176609901,6,1766,99,1,4,4,2,1
2021,      176610701,1,1766,107,1,1,6,2,1
2021,      176705901,1,1767,59,1,0,8,1,1
2021,      176705901,2,1767,59,1,1,6,2,2
2021,      176817001,1,1768,170,1,2,0,2,1
2021,      176906201,1,1769,62,1,0,1,2,1
2021,      177006201,1,1770,62,1,5,0,2,1
2021,      177202301,7,1772,23,1,5,0,2,1
2021,      177305401,1,1773,54,1,6,0,2,1
2021,      177402501,1,1774,25,1,8,0,2,1
2021,      177405801,7,1774,58,1,4,0,2,1
2021,      177407601,1,1774,76,1,4,0,2,1
2021,      177407901,1,1774,79,1,3,0,2,1
2021,      177408001,3,1774,80,1,5,4,2,1
2021,      177602601,2,1776,26,1,3,0,2,1
2021,      177602701,2,1776,27,1,0,5,2,1
2021,      177605701,3,1776,57,1,2,5,2,1
2021,      177809401,1,1778,94,1,5,7,2,1
2021,      177813601,1,1778,136,1,6,0,2,1
2021,      177820101,1,1778,201,1,7,7,2,1
2021,      177901001,5,1779,10,1,3,0,2,1
2021,      177905601,1,1779,56,1,6,0,2,1
2021,      178000701,1,1780,7,1,2,0,2,1
2021,      178001701,1,1780,17,1,3,0,2,1
2021,      178002601,1,1780,26,1,1,0,2,1
2021,      178101101,1,1781,11,1,4,0,1,1
2021,      178101101,2,1781,11,1,4,0,2,2
2021,      178102301,1,1781,23,1,6,0,2,1
2021,      178103801,5,1781,38,1,2,0,1,1
2021,      178103801,6,1781,38,1,0,6,2,2
2021,      178206701,1,1782,67,1,3,0,1,1
2021,      178206701,2,1782,67,1,3,0,2,2
2021,      178308101,2,1783,81,1,1,0,2,1
2021,      178400801,1,1784,8,1,0,6,1,1
2021,      178400801,2,1784,8,1,2,98,2,2
2021,      178401601,1,1784,16,1,0,4,2,1
2021,      178405501,1,1784,55,1,3,0,2,1
2021,      178405701,1,1784,57,1,98,98,2,1
2021,      178405901,1,1784,59,1,1,0,2,1
2021,      178510401,1,1785,104,1,3,0,2,1
2021,      178703401,1,1787,34,1,7,98,2,1
2021,      178801801,1,1788,18,1,2,0,2,1
2021,      178808801,1,1788,88,1,3,0,2,1
2021,      178809201,1,1788,92,1,98,98,1,1
2021,      178809201,2,1788,92,1,98,98,2,2
2021,      179008401,1,1790,84,1,3,4,2,1
2021,      179208401,1,1792,84,1,5,0,2,1
2021,      179208501,1,1792,85,1,7,0,1,1
2021,      179208501,2,1792,85,1,5,0,2,2
2021,      180607801,1,1806,78,1,0,1,2,1
2021,      184204101,1,1842,41,1,4,0,2,1
2021,      185104601,1,1851,46,1,4,9,2,1
2021,      185404401,1,1854,44,1,4,5,1,1
2021,      185404401,2,1854,44,1,0,3,2,2
2021,      185404501,8,1854,45,1,0,2,2,1
2021,      185408401,2,1854,84,1,0,9,2,1
2021,      185700501,1,1857,5,1,6,0,2,1
2021,      186006801,1,1860,68,1,0,5,2,1
2021,      186202501,4,1862,25,1,8,0,1,1
2021,      186202501,5,1862,25,1,5,0,2,2
2021,      186502201,1,1865,22,1,2,0,1,1
2021,      186502201,2,1865,22,1,3,0,2,2
2021,      186705501,5,1867,55,1,4,1,2,1
2021,      186901201,1,1869,12,1,0,8,2,1
2021,      187000701,8,1870,7,1,5,0,2,1
2021,      187503301,5,1875,33,1,8,2,2,1
2021,      187703601,1,1877,36,1,8,0,2,1
2021,      187705401,1,1877,54,1,3,4,2,1
2021,      187801201,5,1878,12,1,6,8,2,1
2021,      187903101,1,1879,31,1,5,8,2,1
2021,      188106101,6,1881,61,1,6,10,2,1
2021,      188402901,4,1884,29,1,3,0,2,1
2021,      188405401,1,1884,54,1,7,0,2,1
2021,      188406401,1,1884,64,1,1,2,2,1
2021,      188600501,1,1886,5,1,7,0,2,1
2021,      188800201,1,1888,2,1,3,0,1,1
2021,      188800201,2,1888,2,1,3,0,2,2
2021,      188805501,1,1888,55,1,2,0,2,1
2021,      189104201,1,1891,42,1,6,6,2,1
2021,      189105901,1,1891,59,1,7,6,2,1
2021,      189300501,5,1893,5,1,98,98,2,1
2021,      189301201,1,1893,12,1,6,0,2,1
2021,      189304301,4,1893,43,1,6,0,1,1
2021,      189304301,5,1893,43,1,6,0,2,2
2021,      189305201,1,1893,52,1,8,0,1,1
2021,      189305201,2,1893,52,1,8,0,2,2
2021,      189406001,1,1894,60,1,98,98,1,1
2021,      189406001,2,1894,60,1,98,98,2,2
2021,      189606101,1,1896,61,1,98,98,2,1
2021,      189606201,5,1896,62,1,2,0,2,1
2021,      189701101,1,1897,11,1,5,0,2,1
2021,      189701901,1,1897,19,1,5,2,2,1
2021,      189800201,5,1898,2,1,98,98,2,1
2021,      189803001,1,1898,30,1,8,0,2,1
2021,      189806901,1,1898,69,1,3,0,2,1
2021,      189903501,1,1899,35,1,3,0,2,1
2021,      190000601,1,1900,6,1,0,4,2,1
2021,      190001501,1,1900,15,1,7,0,2,1
2021,      190001601,1,1900,16,1,8,0,1,1
2021,      190001601,2,1900,16,1,7,0,2,2
2021,      190101501,1,1901,15,1,7,1,1,1
2021,      190101501,2,1901,15,1,5,1,2,2
2021,      190104701,1,1901,47,1,98,98,2,1
2021,      190106501,1,1901,65,1,4,0,2,1
2021,      190200401,1,1902,4,1,0,2,2,1
2021,      190203901,1,1902,39,1,4,10,2,1
2021,      190300701,1,1903,7,1,5,0,1,1
2021,      190300701,2,1903,7,1,5,0,2,2
2021,      190301601,1,1903,16,1,98,98,2,1
2021,      190401201,1,1904,12,1,5,0,2,1
2021,      190600501,1,1906,5,1,3,3,2,1
2021,      190607501,8,1906,75,1,3,5,2,1
2021,      190702201,1,1907,22,1,0,2,2,1
2021,      190705001,1,1907,50,1,5,0,2,1
2021,      190802101,7,1908,21,1,2,0,2,1
2021,      190902201,1,1909,22,1,5,0,2,1
2021,      190902601,1,1909,26,1,6,0,2,1
2021,      190902901,1,1909,29,1,0,4,2,1
2021,      191000101,1,1910,1,1,6,0,1,1
2021,      191000101,2,1910,1,1,3,0,2,2
2021,      191105101,1,1911,51,1,5,0,2,1
2021,      191305301,5,1913,53,1,5,6,2,1
2021,      191404201,1,1914,42,1,98,8,2,1
2021,      191500101,1,1915,1,1,1,6,2,1
2021,      191504401,1,1915,44,1,5,6,1,1
2021,      191504401,2,1915,44,1,5,6,2,2
2021,      191600301,1,1916,3,1,6,4,1,1
2021,      191600301,2,1916,3,1,5,4,2,2
2021,      191600801,1,1916,8,1,2,0,2,1
2021,      191601001,2,1916,10,1,5,3,2,1
2021,      191601501,1,1916,15,1,3,4,1,1
2021,      191601501,2,1916,15,1,1,5,2,2
2021,      191601901,1,1916,19,1,5,4,2,1
2021,      191602401,1,1916,24,1,3,5,2,1
2021,      192302801,6,1923,28,1,3,2,2,1
2021,      192310201,4,1923,102,1,0,6,2,1
2021,      192505401,4,1925,54,1,5,4,2,1
2021,      193010901,6,1930,109,1,5,98,2,1
2021,      193108801,1,1931,88,1,5,0,2,1
2021,      193301001,1,1933,10,1,5,5,1,1
2021,      193301001,2,1933,10,1,2,5,2,2
2021,      193311401,1,1933,114,1,8,5,2,1
2021,      193602101,4,1936,21,1,7,0,2,1
2021,      193602401,1,1936,24,1,5,7,2,1
2021,      193608001,1,1936,80,1,2,5,2,1
2021,      193611501,5,1936,115,1,5,9,2,1
2021,      193805801,7,1938,58,1,1,98,2,1
2021,      193908201,1,1939,82,1,3,0,2,1
2021,      194001801,1,1940,18,1,2,0,2,1
2021,      194015601,1,1940,156,1,4,0,2,1
2021,      194101001,7,1941,10,1,8,0,2,1
2021,      194205601,1,1942,56,1,6,98,2,1
2021,      194206701,1,1942,67,1,7,6,2,1
2021,      194210801,1,1942,108,1,7,1,2,1
2021,      194310501,1,1943,105,1,2,98,2,1
2021,      194310601,2,1943,106,1,3,0,2,1
2021,      194501301,1,1945,13,1,2,98,2,1
2021,      194600201,1,1946,2,1,3,0,2,1
2021,      194600501,1,1946,5,1,2,11,2,1
2021,      194710201,1,1947,102,1,1,6,1,1
2021,      194710201,2,1947,102,1,1,0,2,2
2021,      194801601,1,1948,16,1,8,0,2,1
2021,      194810401,4,1948,104,1,8,0,2,1
2021,      194912801,1,1949,128,1,8,11,2,1
2021,      195003101,1,1950,31,1,5,0,2,1
2021,      195007301,6,1950,73,1,8,0,2,1
2021,      195013001,4,1950,130,1,7,6,2,1
2021,      195100801,6,1951,8,1,5,0,2,1
2021,      195104401,1,1951,44,1,4,3,1,1
2021,      195104401,2,1951,44,1,5,4,2,2
2021,      195201301,1,1952,13,1,1,0,2,1
2021,      195306301,1,1953,63,1,6,0,2,1
2021,      195309101,1,1953,91,1,3,3,2,1
2021,      195311901,1,1953,119,1,3,0,2,1
2021,      195410101,1,1954,101,1,7,0,2,1
2021,      195501301,2,1955,13,1,2,0,2,1
2021,      195509801,1,1955,98,1,5,2,2,1
2021,      195510401,1,1955,104,1,4,10,1,1
2021,      195510401,2,1955,104,1,4,6,2,2
2021,      195703601,9,1957,36,1,3,1,2,1
2021,      195805601,1,1958,56,1,4,0,2,1
2021,      196007601,2,1960,76,1,0,1,2,1
2021,      196007801,1,1960,78,1,3,98,2,1
2021,      196200501,5,1962,5,1,0,2,1,1
2021,      196200501,6,1962,5,1,2,8,2,2
2021,      196200601,1,1962,6,1,3,4,2,1
2021,      196204101,2,1962,41,1,1,2,2,1
2021,      196300501,1,1963,5,1,1,10,1,1
2021,      196300501,2,1963,5,1,3,10,2,2
2021,      196404701,6,1964,47,1,8,10,1,1
2021,      196404701,7,1964,47,1,6,0,2,2
2021,      196406701,1,1964,67,1,8,6,1,1
2021,      196406701,2,1964,67,1,3,1,2,2
2021,      196413001,5,1964,130,1,3,0,1,1
2021,      196413001,6,1964,130,1,3,0,2,2
2021,      196506401,1,1965,64,1,5,0,1,1
2021,      196506401,2,1965,64,1,5,0,2,2
2021,      196512101,1,1965,121,1,2,0,1,1
2021,      196512101,2,1965,121,1,2,0,2,2
2021,      196512201,1,1965,122,1,2,0,2,1
2021,      196601701,1,1966,17,1,8,0,1,1
2021,      196601701,2,1966,17,1,7,6,2,2
2021,      196606001,4,1966,60,1,3,0,2,1
2021,      196606601,6,1966,66,1,3,0,2,1
2021,      196610701,1,1966,107,1,4,5,2,1
2021,      196703701,1,1967,37,1,4,0,1,1
2021,      196703701,2,1967,37,1,2,6,2,2
2021,      196809101,1,1968,91,1,8,11,2,1
2021,      200205201,5,2002,52,1,98,98,2,1
2021,      201100701,8,2011,7,1,3,11,2,1
2021,      202008401,1,2020,84,1,4,0,2,1
2021,      202502301,4,2025,23,1,0,2,2,1
2021,      202607201,3,2026,72,1,3,11,2,1
2021,      204901501,5,2049,15,1,2,2,2,1
2021,      205606101,1,2056,61,1,5,10,2,1
2021,      205812101,6,2058,121,1,2,7,2,1
2021,      206004501,2,2060,45,1,1,0,2,1
2021,      206417201,10,2064,172,1,1,0,2,1
2021,      206500201,1,2065,2,1,8,11,1,1
2021,      206500201,2,2065,2,1,8,11,2,2
2021,      206504001,7,2065,40,1,2,11,2,1
2021,      206904801,4,2069,48,1,5,10,2,1
2021,      206905201,1,2069,52,1,2,9,2,1
2021,      207301301,1,2073,13,1,3,7,2,1
2021,      207400901,1,2074,9,1,1,10,2,1
2021,      207501701,1,2075,17,1,4,9,2,1
2021,      207502701,1,2075,27,1,2,9,2,1
2021,      207503101,1,2075,31,1,6,11,2,1
2021,      207505501,1,2075,55,1,6,11,2,1
2021,      207603301,1,2076,33,1,8,0,2,1
2021,      207603701,3,2076,37,1,3,2,2,1
2021,      207700901,1,2077,9,1,2,10,2,1
2021,      207911401,1,2079,114,1,1,6,2,1
2021,      208102501,1,2081,25,1,0,10,1,1
2021,      208102501,2,2081,25,1,2,0,2,2
2021,      208203801,1,2082,38,1,4,6,2,1
2021,      208403301,1,2084,33,1,6,9,2,1
2021,      208506501,1,2085,65,1,1,8,2,1
2021,      208604601,1,2086,46,1,6,98,2,1
2021,      208606401,1,2086,64,1,7,7,2,1
2021,      208703401,2,2087,34,1,5,7,2,1
2021,      209701501,1,2097,15,1,0,6,2,1
2021,      209702001,1,2097,20,1,0,10,2,1
2021,      209900601,1,2099,6,1,3,6,2,1
2021,      210401401,1,2104,14,1,6,11,2,1
2021,      210505101,1,2105,51,1,8,11,2,1
2021,      210505201,1,2105,52,1,0,2,2,1
2021,      210506001,1,2105,60,1,0,2,2,1
2021,      210602601,4,2106,26,1,7,98,2,1
2021,      210603501,1,2106,35,1,1,6,2,1
2021,      210800201,1,2108,2,1,3,0,2,1
2021,      210801601,1,2108,16,1,8,10,2,1
2021,      211004801,1,2110,48,1,6,6,2,1
2021,      211101601,1,2111,16,1,8,0,2,1
2021,      211203901,1,2112,39,1,98,98,2,1
2021,      211303401,2,2113,34,1,2,6,2,1
2021,      211303501,1,2113,35,1,2,6,2,1
2021,      211303601,1,2113,36,1,8,10,2,1
2021,      211400501,1,2114,5,1,8,0,2,1
2021,      211500201,1,2115,2,1,98,6,2,1
2021,      211510101,1,2115,101,1,3,0,1,1
2021,      211510101,2,2115,101,1,4,0,2,2
2021,      211600901,1,2116,9,1,4,7,2,1
2021,      211602601,1,2116,26,1,8,3,1,1
2021,      211602601,2,2116,26,1,8,3,2,2
2021,      211602901,1,2116,29,1,1,7,2,1
2021,      211704101,1,2117,41,1,1,9,2,1
2021,      211801501,1,2118,15,1,3,98,2,1
2021,      211810701,1,2118,107,1,98,98,2,1
2021,      211811101,1,2118,111,1,2,98,2,1
2021,      212002801,1,2120,28,1,1,5,2,1
2021,      212103101,6,2121,31,1,0,2,2,1
2021,      212105901,1,2121,59,1,0,6,2,1
2021,      212107601,7,2121,76,1,2,6,2,1
2021,      212206201,1,2122,62,1,3,8,2,1
2021,      212208501,7,2122,85,1,4,3,2,1
2021,      212208701,2,2122,87,1,2,0,2,1
2021,      212210201,3,2122,102,1,5,8,2,1
2021,      212301801,1,2123,18,1,5,98,2,1
2021,      212400401,5,2124,4,1,6,98,2,1
2021,      212400701,1,2124,7,1,7,98,2,1
2021,      212404701,1,2124,47,1,4,98,2,1
2021,      212405001,1,2124,50,1,5,98,1,1
2021,      212405001,2,2124,50,1,2,98,2,2
2021,      212502401,1,2125,24,1,8,8,2,1
2021,      212502601,1,2125,26,1,5,8,2,1
2021,      212603001,1,2126,30,1,0,98,2,1
2021,      212603301,3,2126,33,1,4,3,2,1
2021,      212605001,2,2126,50,1,4,6,2,1
2021,      212700801,1,2127,8,1,0,1,2,1
2021,      212701001,2,2127,10,1,4,98,2,1
2021,      212803501,1,2128,35,1,8,8,2,1
2021,      212900401,1,2129,4,1,5,10,2,1
2021,      212901001,1,2129,10,1,5,11,2,1
2021,      212904201,1,2129,42,1,4,0,2,1
2021,      212904401,1,2129,44,1,6,11,2,1
2021,      212904501,1,2129,45,1,8,10,2,1
2021,      213000201,1,2130,2,1,8,0,1,1
2021,      213000201,2,2130,2,1,5,0,2,2
2021,      213000401,1,2130,4,1,4,0,2,1
2021,      213000901,1,2130,9,1,1,0,2,1
2021,      213001001,1,2130,10,1,0,10,2,1
2021,      213001401,2,2130,14,1,3,0,2,1
2021,      213001501,2,2130,15,1,2,6,2,1
2021,      213103801,1,2131,38,1,2,0,1,1
2021,      213103801,2,2131,38,1,2,0,2,2
2021,      213202501,7,2132,25,1,1,4,2,1
2021,      213202601,1,2132,26,1,3,10,2,1
2021,      213311301,1,2133,113,1,2,0,2,1
2021,      213403101,1,2134,31,1,5,98,2,1
2021,      213409801,1,2134,98,1,5,98,2,1
2021,      213500901,1,2135,9,1,2,3,1,1
2021,      213500901,2,2135,9,1,3,1,2,2
2021,      213505001,1,2135,50,1,8,0,2,1
2021,      213602401,1,2136,24,1,5,6,2,1
2021,      213602601,1,2136,26,1,3,6,2,1
2021,      213602701,1,2136,27,1,3,98,1,1
2021,      213602701,2,2136,27,1,3,98,2,2
2021,      213708701,1,2137,87,1,8,98,1,1
2021,      213708701,2,2137,87,1,2,98,2,2
2021,      213800501,1,2138,5,1,6,11,2,1
2021,      215213701,1,2152,137,1,3,4,2,1
2021,      215702201,1,2157,22,1,8,0,2,1
2021,      215705001,1,2157,50,1,6,0,1,1
2021,      215705001,2,2157,50,1,6,0,2,2
2021,      216205401,1,2162,54,1,5,4,2,1
2021,      216207201,1,2162,72,1,0,4,2,1
2021,      216804501,2,2168,45,1,8,0,2,1
2021,      216808301,1,2168,83,1,4,0,2,1
2021,      216900101,1,2169,1,1,4,0,2,1
2021,      217001501,1,2170,15,1,3,10,2,1
2021,      217003801,1,2170,38,1,0,4,2,1
2021,      217111601,1,2171,116,1,98,98,2,1
2021,      217209301,1,2172,93,1,0,8,1,1
2021,      217209301,2,2172,93,1,2,0,2,2
2021,      217209401,1,2172,94,1,0,11,2,1
2021,      217303501,1,2173,35,1,2,0,1,1
2021,      217303501,2,2173,35,1,2,0,2,2
2021,      217304501,1,2173,45,1,0,4,2,1
2021,      217402901,1,2174,29,1,4,0,2,1
2021,      217504701,1,2175,47,1,4,0,2,1
2021,      217506401,1,2175,64,1,2,0,1,1
2021,      217506401,2,2175,64,1,2,8,2,2
2021,      217507401,3,2175,74,1,7,0,2,1
2021,      217604501,1,2176,45,1,8,0,1,1
2021,      217604501,2,2176,45,1,8,0,2,2
2021,      217700501,1,2177,5,1,2,0,2,1
2021,      217700601,1,2177,6,1,2,0,2,1
2021,      217701901,1,2177,19,1,6,0,2,1
2021,      217803601,1,2178,36,1,3,0,2,1
2021,      217813801,1,2178,138,1,3,0,1,1
2021,      217813801,2,2178,138,1,5,0,2,2
2021,      218002801,1,2180,28,1,3,0,1,1
2021,      218002801,2,2180,28,1,3,0,2,2
2021,      218004001,2,2180,40,1,3,0,2,1
2021,      218008601,1,2180,86,1,4,0,2,1
2021,      218102001,1,2181,20,1,8,0,2,1
2021,      218200601,1,2182,6,1,5,0,2,1
2021,      218202301,1,2182,23,1,3,0,2,1
2021,      218504501,1,2185,45,1,4,10,1,1
2021,      218504501,2,2185,45,1,4,10,2,2
2021,      218703301,1,2187,33,1,3,8,2,1
2021,      218803001,1,2188,30,1,0,2,2,1
2021,      218902101,1,2189,21,1,2,10,2,1
2021,      218905401,1,2189,54,1,0,8,2,1
2021,      219009101,8,2190,91,1,8,0,2,1
2021,      219102801,2,2191,28,1,5,0,2,1
2021,      219102901,2,2191,29,1,1,8,2,1
2021,      219404701,1,2194,47,1,1,0,2,1
2021,      219503001,1,2195,30,1,4,0,2,1
2021,      219506101,8,2195,61,1,4,0,2,1
2021,      219506201,1,2195,62,1,5,0,2,1
2021,      219700301,1,2197,3,1,5,0,2,1
2021,      219701101,1,2197,11,1,1,0,2,1
2021,      219701401,1,2197,14,1,8,0,2,1
2021,      219702901,1,2197,29,1,1,11,2,1
2021,      221100901,5,2211,9,1,2,3,2,1
2021,      221605101,1,2216,51,1,4,2,2,1
2021,      221816101,1,2218,161,1,3,8,2,1
2021,      222301101,1,2223,11,1,0,2,2,1
2021,      222914101,2,2229,141,1,3,10,2,1
2021,      223503601,5,2235,36,1,4,9,2,1
2021,      225700401,1,2257,4,1,8,9,2,1
2021,      225701601,1,2257,16,1,3,0,2,1
2021,      225701701,2,2257,17,1,3,1,2,1
2021,      225800301,1,2258,3,1,98,98,2,1
2021,      226508301,6,2265,83,1,1,10,2,1
2021,      228405301,1,2284,53,1,2,0,1,1
2021,      228405301,2,2284,53,1,2,0,2,2
2021,      228904401,1,2289,44,1,5,2,2,1
2021,      229103901,1,2291,39,1,2,0,2,1
2021,      229304101,1,2293,41,1,3,0,2,1
2021,      229809101,1,2298,91,1,1,3,2,1
2021,      230003801,1,2300,38,1,98,98,2,1
2021,      230203701,1,2302,37,1,4,0,1,1
2021,      230203701,2,2302,37,1,5,0,2,2
2021,      230205801,1,2302,58,1,3,0,1,1
2021,      230205801,2,2302,58,1,3,6,2,2
2021,      230207901,4,2302,79,1,3,0,2,1
2021,      230302001,4,2303,20,1,5,7,2,1
2021,      230700801,1,2307,8,1,2,9,2,1
2021,      231007901,1,2310,79,1,2,9,2,1
2021,      231901301,2,2319,13,1,3,0,2,1
2021,      233117201,1,2331,172,1,4,98,2,1
2021,      233802501,1,2338,25,1,8,0,2,1
2021,      234602401,1,2346,24,1,8,0,1,1
2021,      234602401,2,2346,24,1,8,0,2,2
2021,      235510501,1,2355,105,1,2,0,2,1
2021,      236701801,1,2367,18,1,2,0,2,1
2021,      236906501,5,2369,65,1,4,0,2,1
2021,      237101001,1,2371,10,1,2,0,2,1
2021,      237102701,1,2371,27,1,2,0,2,1
2021,      237310601,1,2373,106,1,2,98,2,1
2021,      237310701,4,2373,107,1,2,0,2,1
2021,      237313501,6,2373,135,1,8,0,2,1
2021,      237400901,1,2374,9,1,7,0,2,1
2021,      237712901,1,2377,129,1,5,7,2,1
2021,      238213501,1,2382,135,1,4,0,2,1
2021,      239510801,1,2395,108,1,3,10,2,1
2021,      239802201,1,2398,22,1,2,3,1,1
2021,      239802201,2,2398,22,1,2,3,2,2
2021,      240004801,1,2400,48,1,5,0,1,1
2021,      240004801,2,2400,48,1,3,0,2,2
2021,      240603301,1,2406,33,1,4,8,2,1
2021,      240904301,1,2409,43,1,98,98,2,1
2021,      242508101,1,2425,81,1,2,0,2,1
2021,      242601001,3,2426,10,1,4,0,2,1
2021,      242701101,1,2427,11,1,3,7,1,1
2021,      242701101,2,2427,11,1,3,7,2,2
2021,      243306501,4,2433,65,1,6,0,2,1
2021,      243401001,1,2434,10,1,1,2,1,1
2021,      243401001,2,2434,10,1,1,2,2,2
2021,      243501901,2,2435,19,1,3,7,2,1
2021,      243611301,1,2436,113,1,0,4,2,1
2021,      243702401,1,2437,24,1,7,11,2,1
2021,      244203201,10,2442,32,1,4,8,2,1
2021,      247210201,7,2472,102,1,6,8,2,1
2021,      248510901,1,2485,109,1,0,1,1,1
2021,      248510901,2,2485,109,1,3,0,2,2
2021,      248800601,1,2488,6,1,1,6,2,1
2021,      248811401,1,2488,114,1,1,6,2,1
2021,      249104001,1,2491,40,1,8,10,2,1
2021,      251015801,7,2510,158,1,1,6,2,1
2021,      252111301,1,2521,113,1,4,0,2,1
2021,      252407001,5,2524,70,1,98,98,2,1
2021,      252701701,1,2527,17,1,0,9,1,1
2021,      252701701,2,2527,17,1,0,9,2,2
2021,      253210301,7,2532,103,1,1,10,2,1
2021,      254605901,1,2546,59,1,4,11,2,1
2021,      255312801,6,2553,128,1,2,0,2,1
2021,      256613901,7,2566,139,1,3,7,2,1
2021,      261105701,1,2611,57,1,0,9,2,1
2021,      263100801,6,2631,8,1,5,0,2,1
2021,      263413501,1,2634,135,1,5,0,2,1
2021,      264804001,1,2648,40,1,3,0,2,1
2021,      264909201,5,2649,92,1,2,0,2,1
2021,      264912401,1,2649,124,1,4,0,2,1
2021,      265721401,5,2657,214,1,5,0,2,1
2021,      265903401,1,2659,34,1,3,10,2,1
2021,      266001301,1,2660,13,1,5,6,2,1
2021,      266400701,8,2664,7,1,1,4,2,1
2021,      266401801,1,2664,18,1,2,11,2,1
2021,      266500301,6,2665,3,1,1,9,2,1
2021,      266500901,2,2665,9,1,6,9,2,1
2021,      266502401,1,2665,24,1,2,9,2,1
2021,      267514601,5,2675,146,1,1,1,2,1
2021,      267701401,6,2677,14,1,8,6,2,1
2021,      267912501,1,2679,125,1,8,3,1,1
2021,      267912501,2,2679,125,1,8,3,2,2
2021,      268002801,5,2680,28,1,6,0,2,1
2021,      268301601,5,2683,16,1,1,2,2,1
2021,      269300301,7,2693,3,1,1,10,1,1
2021,      269300301,8,2693,3,1,0,10,2,2
2021,      269506501,7,2695,65,1,2,2,2,1
2021,      269704001,8,2697,40,1,1,0,1,1
2021,      269704001,9,2697,40,1,1,0,2,2
2021,      269905501,1,2699,55,1,5,4,1,1
2021,      269905501,2,2699,55,1,5,4,2,2
2021,      270006001,5,2700,60,1,1,3,2,1
2021,      270010201,6,2700,102,1,3,0,2,1
2021,      270503301,1,2705,33,1,3,5,2,1
2021,      270611501,6,2706,115,1,3,3,2,1
2021,      270613301,1,2706,133,1,1,3,2,1
2021,      270706001,7,2707,60,1,4,10,2,1
2021,      270714101,1,2707,141,1,0,3,2,1
2021,      270801001,8,2708,10,1,3,0,2,1
2021,      270905501,1,2709,55,1,1,2,2,1
2021,      271106301,1,2711,63,1,4,3,2,1
2021,      271203301,1,2712,33,1,2,10,2,1
2021,      271409201,1,2714,92,1,5,0,1,1
2021,      271409201,2,2714,92,1,5,0,2,2
2021,      271605001,5,2716,50,1,1,10,1,1
2021,      271605001,6,2716,50,1,1,10,1,2
2021,      271605001,7,2716,50,1,1,10,2,3
2021,      271700901,7,2717,9,1,7,9,2,1
2021,      272101801,1,2721,18,1,3,2,2,1
2021,      272201201,1,2722,12,1,2,5,2,1
2021,      272710001,7,2727,100,1,5,9,2,1
2021,      272809401,7,2728,94,1,2,0,2,1
2021,      273502201,1,2735,22,1,4,0,2,1
2021,      273610501,1,2736,105,1,1,0,2,1
2021,      274804801,1,2748,48,1,5,98,2,1
2021,      276702301,1,2767,23,1,0,5,2,1
2021,      276904401,7,2769,44,1,5,98,2,1
2021,      277404601,1,2774,46,1,4,11,2,1
2021,      278107501,2,2781,75,1,1,10,2,1
2021,      278300101,1,2783,1,1,0,3,1,1
2021,      278300101,2,2783,1,1,2,0,2,2
2021,      278902401,1,2789,24,1,3,2,2,1
2021,      280004301,4,2800,43,1,1,6,2,1
2021,      280802301,1,2808,23,1,0,6,2,1
2021,      281000401,5,2810,4,1,1,6,2,1
2021,      282400701,7,2824,7,1,5,8,2,1
2021,      283501601,1,2835,16,1,3,0,1,1
2021,      283501601,2,2835,16,1,2,0,2,2
2021,      283501701,2,2835,17,1,4,0,2,1
2021,      283502001,1,2835,20,1,1,0,2,1
2021,      283502401,1,2835,24,1,2,0,2,1
2021,      283502701,1,2835,27,1,6,0,1,1
2021,      283502701,2,2835,27,1,8,0,2,2
2021,      283503201,1,2835,32,1,1,0,2,1
2021,      283503501,1,2835,35,1,2,7,2,1
2021,      283601401,3,2836,14,1,98,6,2,1
2021,      283803501,1,2838,35,1,1,2,2,1
2021,      283900501,7,2839,5,1,8,0,2,1
2021,      283900801,3,2839,8,1,5,0,2,1
2021,      284000101,1,2840,1,1,3,7,1,1
2021,      284000101,2,2840,1,1,3,7,2,2
2021,      284002101,1,2840,21,1,3,0,2,1
2021,      284004101,4,2840,41,1,0,3,1,1
2021,      284004101,5,2840,41,1,1,0,2,2
2021,      284006201,1,2840,62,1,0,4,1,1
2021,      284006201,2,2840,62,1,0,4,2,2
2021,      284104001,2,2841,40,1,5,0,2,1
2021,      284106901,1,2841,69,1,4,9,2,1
2021,      284200201,1,2842,2,1,3,11,2,1
2021,      284305801,1,2843,58,1,4,11,2,1
2021,      284501501,5,2845,15,1,1,0,2,1
2021,      286601501,8,2866,15,1,7,0,2,1
2021,      286703601,1,2867,36,1,2,6,2,1
2021,      286800501,1,2868,5,1,8,0,2,1
2021,      286803101,1,2868,31,1,2,0,2,1
2021,      287211701,1,2872,117,1,1,10,2,1
2021,      287403101,4,2874,31,1,0,11,2,1
2021,      287403601,1,2874,36,1,5,11,2,1
2021,      287408701,1,2874,87,1,2,11,2,1
2021,      287607001,4,2876,70,1,4,3,2,1
2021,      288105001,1,2881,50,1,1,0,2,1
2021,      288307401,1,2883,74,1,0,2,2,1
2021,      288410901,2,2884,109,1,2,6,2,1
2021,      288501401,2,2885,14,1,5,10,2,1
2021,      288702901,1,2887,29,1,4,6,2,1
2021,      288703101,1,2887,31,1,1,9,2,1
2021,      288803801,1,2888,38,1,8,11,2,1
2021,      288808201,1,2888,82,1,8,11,2,1
2021,      288905501,1,2889,55,1,6,11,2,1
2021,      289406201,1,2894,62,1,3,0,1,1
2021,      289406201,2,2894,62,1,3,0,2,2
2021,      289406401,1,2894,64,1,8,0,2,1
2021,      289600301,1,2896,3,1,98,98,2,1
2021,      289702501,1,2897,25,1,5,0,2,1
2021,      290716701,1,2907,167,1,0,6,2,1
2021,      290902001,1,2909,20,1,2,0,2,1
2021,      291211701,1,2912,117,1,6,0,1,1
2021,      291211701,2,2912,117,1,8,0,2,2
2021,      291703201,1,2917,32,1,2,0,2,1
2021,      291703601,1,2917,36,1,2,0,1,1
2021,      291703601,2,2917,36,1,2,0,2,2
2021,      291907001,1,2919,70,1,8,4,2,1
2021,      292008101,1,2920,81,1,2,0,2,1
2021,      292300901,5,2923,9,1,3,0,2,1
2021,      292702001,1,2927,20,1,8,0,2,1
2021,      294301201,1,2943,12,1,0,8,2,1
2021,      294504101,8,2945,41,1,6,10,2,1
2021,      294800801,9,2948,8,1,1,0,2,1
2021,      294801201,1,2948,12,1,2,0,2,1
2021,      294908101,1,2949,81,1,4,0,1,1
2021,      294908101,2,2949,81,1,4,0,2,2
2021,      294908201,1,2949,82,1,3,0,2,1
2021,      294911901,5,2949,119,1,4,0,2,1
2021,      294912101,6,2949,121,1,5,0,2,1
2021,      295007601,1,2950,76,1,0,1,2,1
2021,      295209401,1,2952,94,1,5,0,2,1
2021,      295308301,1,2953,83,1,4,0,2,1
2021,      295311301,1,2953,113,1,8,0,2,1
2021,      295402801,1,2954,28,1,4,0,2,1
2021,      295504101,2,2955,41,1,4,0,2,1
2021,      296702701,1,2967,27,1,5,0,2,1
2021,      296909501,1,2969,95,1,5,2,2,1
2021,      297007801,2,2970,78,1,3,8,2,1
2021,      297406801,1,2974,68,1,2,2,2,1
2021,      298502901,1,2985,29,1,5,10,2,1
2021,      298504901,1,2985,49,1,4,10,1,1
2021,      298504901,2,2985,49,1,4,10,2,2
2021,      298505301,1,2985,53,1,5,10,2,1
2021,      298506001,1,2985,60,1,2,0,1,1
2021,      298506001,2,2985,60,1,2,0,2,2
2021,      298703301,3,2987,33,1,4,0,2,1
2021,      298906701,1,2989,67,1,4,6,1,1
2021,      298906701,2,2989,67,1,4,6,2,2
2021,      298907101,1,2989,71,1,3,6,2,1
2021,      298907501,1,2989,75,1,7,0,2,1
2021,      299007101,1,2990,71,1,3,0,2,1
2021,      299007301,1,2990,73,1,1,8,2,1
2021,      299007701,1,2990,77,1,0,7,2,1
2021,      299106601,1,2991,66,1,4,5,2,1
2021,      299109101,1,2991,91,1,1,2,2,1
2021,      299200301,10,2992,3,1,6,0,2,1
2021,      299505601,1,2995,56,1,8,98,2,1
2021,      299608801,1,2996,88,1,0,2,2,1
2021,      299610201,2,2996,102,1,5,6,2,1
2021,      299610301,1,2996,103,1,0,9,1,1
2021,      299610301,2,2996,103,1,0,9,2,2
2021,      299702001,1,2997,20,1,3,4,2,1
2021,      299702101,1,2997,21,1,1,1,2,1
2021,      299706901,2,2997,69,1,4,4,2,1
2021,      299707001,1,2997,70,1,2,6,2,1
2021,      299800701,1,2998,7,1,8,0,2,1
2021,      299800801,2,2998,8,1,8,6,2,1
2021,      299803301,1,2998,33,1,1,6,1,1
2021,      299803301,2,2998,33,1,2,6,2,2
2021,      299901801,1,2999,18,1,2,3,2,1
2021,      299902001,1,2999,20,1,4,10,1,1
2021,      299902001,2,2999,20,1,4,10,2,2
2021,      299904301,1,2999,43,1,4,98,2,1
2021,      299905501,1,2999,55,1,5,0,1,1
2021,      299905501,2,2999,55,1,5,0,2,2
2021,      300001501,1,3000,15,1,1,6,2,1
2021,      300001701,4,3000,17,1,5,8,2,1
2021,      300002801,2,3000,28,1,0,7,2,1
2021,      300200301,3,3002,3,1,4,0,2,1
2021,      300202401,1,3002,24,1,8,3,2,1
2021,      300400301,1,3004,3,1,7,0,2,1
2021,      300402301,1,3004,23,1,7,0,2,1
2021,      300402401,1,3004,24,1,7,6,2,1
2021,      300402501,1,3004,25,1,7,6,2,1
2021,      300402701,1,3004,27,1,8,8,2,1
2021,      300402901,1,3004,29,1,7,3,2,1
2021,      300501501,1,3005,15,1,8,0,1,1
2021,      300501501,2,3005,15,1,8,0,2,2
2021,      300508101,1,3005,81,1,8,3,2,1
2021,      300508201,1,3005,82,1,8,0,2,1
2021,      300601701,1,3006,17,1,3,2,2,1
2021,      300702401,1,3007,24,1,1,0,2,1
2021,      300702901,1,3007,29,1,7,3,1,1
2021,      300702901,2,3007,29,1,7,3,2,2
2021,      300801601,1,3008,16,1,6,8,2,1
2021,      300801701,1,3008,17,1,5,0,2,1
2021,      300802601,1,3008,26,1,6,7,2,1
2021,      300802801,1,3008,28,1,6,8,1,1
2021,      300802801,2,3008,28,1,2,8,2,2
2021,      300904601,1,3009,46,1,5,0,2,1
2021,      300906201,1,3009,62,1,4,10,2,1
2021,      301003301,1,3010,33,1,6,5,1,1
2021,      301003301,2,3010,33,1,6,5,2,2
2021,      301202501,1,3012,25,1,2,0,2,1
2021,      301208801,1,3012,88,1,5,98,2,1
2021,      301209101,4,3012,91,1,6,98,1,1
2021,      301209101,5,3012,91,1,6,98,2,2
2021,      302209601,1,3022,96,1,6,7,2,1
2021,      302607101,1,3026,71,1,1,10,2,1
2021,      303107001,1,3031,70,1,98,98,2,1
2021,      303510801,1,3035,108,1,4,2,2,1
2021,      303806201,1,3038,62,1,6,98,2,1
2021,      303916301,1,3039,163,1,1,0,2,1
2021,      304007401,1,3040,74,1,5,3,2,1
2021,      304100301,1,3041,3,1,6,7,2,1
2021,      304607401,5,3046,74,1,8,10,2,1
2021,      305005401,1,3050,54,1,3,10,2,1
2021,      305402601,1,3054,26,1,5,2,2,1
2021,      306602801,13,3066,28,1,5,98,2,1
2021,      306606801,1,3066,68,1,5,6,1,1
2021,      306606801,2,3066,68,1,5,6,2,2
2021,      306703001,2,3067,30,1,6,4,2,1
2021,      309004501,1,3090,45,1,8,7,2,1
2021,      312300901,1,3123,9,1,7,4,2,1
2021,      312800301,1,3128,3,1,7,10,2,1
2021,      312802401,1,3128,24,1,3,9,2,1
2021,      312903601,5,3129,36,1,1,3,2,1
2021,      313220901,1,3132,209,1,8,8,1,1
2021,      313220901,2,3132,209,1,8,6,2,2
2021,      313400201,4,3134,2,1,2,0,2,1
2021,      313610701,1,3136,107,1,5,0,2,1
2021,      314512301,2,3145,123,1,3,0,2,1
2021,      314917901,2,3149,179,1,0,11,2,1
2021,      315304301,6,3153,43,1,2,1,2,1
2021,      315710501,2,3157,105,1,3,4,2,1
2021,      316311901,2,3163,119,1,2,4,2,1
2021,      316313601,1,3163,136,1,2,0,2,1
2021,      318004801,2,3180,48,1,1,6,2,1
2021,      318404601,1,3184,46,1,6,3,2,1
2021,      318503001,2,3185,30,1,3,0,2,1
2021,      318923001,1,3189,230,1,2,0,1,1
2021,      318923001,2,3189,230,1,2,0,2,2
2021,      318923801,1,3189,238,1,2,2,2,1
2021,      319001501,1,3190,15,1,3,0,2,1
2021,      319108401,1,3191,84,1,8,5,2,1
2021,      319208901,1,3192,89,1,3,0,2,1
2021,      319210901,1,3192,109,1,5,3,1,1
2021,      319210901,2,3192,109,1,5,3,2,2
2021,      319408401,1,3194,84,1,4,0,2,1
2021,      319514601,4,3195,146,1,3,0,2,1
2021,      319610001,7,3196,100,1,4,0,2,1
2021,      319909901,7,3199,99,1,2,6,2,1
2021,      320007701,1,3200,77,1,6,0,1,1
2021,      320007701,2,3200,77,1,6,0,2,2
2021,      320407701,9,3204,77,1,0,4,2,1
2021,      320408501,1,3204,85,1,3,4,1,1
2021,      320408501,2,3204,85,1,4,4,2,2
2021,      320608201,1,3206,82,1,7,3,2,1
2021,      321002301,5,3210,23,1,1,6,2,1
2021,      321006601,8,3210,66,1,1,4,2,1
2021,      321101301,8,3211,13,1,2,0,2,1
2021,      321407401,1,3214,74,1,4,1,2,1
2021,      321410201,1,3214,102,1,4,0,1,1
2021,      321410201,2,3214,102,1,2,0,2,2
2021,      321611101,1,3216,111,1,4,2,1,1
2021,      321611101,2,3216,111,1,2,8,2,2
2021,      321910101,1,3219,101,1,3,2,2,1
2021,      322002601,1,3220,26,1,2,2,2,1
2021,      322114601,4,3221,146,1,3,0,2,1
2021,      322406101,2,3224,61,1,3,0,1,1
2021,      322406101,11,3224,61,1,3,0,2,2
2021,      322407401,8,3224,74,1,3,0,2,1
2021,      322708601,1,3227,86,1,7,6,1,1
2021,      322708601,2,3227,86,1,6,3,2,2
2021,      323606501,2,3236,65,1,3,0,2,1
2021,      323903301,1,3239,33,1,0,4,2,1
2021,      324101501,1,3241,15,1,2,6,2,1
2021,      324107501,1,3241,75,1,4,2,1,1
2021,      324107501,2,3241,75,1,3,4,2,2
2021,      324309001,2,3243,90,1,4,5,2,1
2021,      324400901,2,3244,9,1,3,0,2,1
2021,      324503701,1,3245,37,1,4,6,1,1
2021,      324503701,2,3245,37,1,2,2,2,2
2021,      324602701,1,3246,27,1,3,4,2,1
2021,      324607901,7,3246,79,1,4,3,2,1
2021,      324802801,1,3248,28,1,2,5,2,1
2021,      324803201,1,3248,32,1,1,6,2,1
2021,      324909301,1,3249,93,1,2,6,1,1
2021,      324909301,2,3249,93,1,2,6,2,2
2021,      324914801,1,3249,148,1,3,5,2,1
2021,      325108301,1,3251,83,1,3,3,2,1
2021,      325207001,2,3252,70,1,2,8,2,1
2021,      325303801,5,3253,38,1,2,4,2,1
2021,      325312001,1,3253,120,1,3,4,2,1
